Name	Protein id	Contig id	Start	Stop	Strand	Element symbol	Element name	Scope	Type	Subtype	Class	Subclass	Method	Target length	Reference sequence length	% Coverage of reference	% Identity to reference	Alignment length	Closest reference accession	Closest reference name	HMM accession	HMM description
562.45637	NA	accn|SHJL01000002	166772	168760	-	cirA_W243Ter	Escherichia cefiderocol resistant CirA	core	AMR	POINT_DISRUPT	BETA-LACTAM	CEFIDEROCOL	POINTX	663	663	100.00	99.70	663	WP_000489247.1	catecholate siderophore receptor CirA	NA	NA
562.45637	NA	accn|SHJL01000002	249634	252258	-	gyrA_D87N	Escherichia quinolone resistant GyrA	core	AMR	POINT	QUINOLONE	QUINOLONE	POINTX	875	878	99.66	98.97	875	WP_001281243.1	DNA gyrase subunit A GyrA	NA	NA
562.45637	NA	accn|SHJL01000002	249634	252258	-	gyrA_S83L	Escherichia quinolone resistant GyrA	core	AMR	POINT	QUINOLONE	QUINOLONE	POINTX	875	878	99.66	98.97	875	WP_001281243.1	DNA gyrase subunit A GyrA	NA	NA
562.45637	NA	accn|SHJL01000011	24093	26348	-	parC_S80I	Escherichia quinolone resistant ParC	core	AMR	POINT	QUINOLONE	QUINOLONE	POINTX	752	752	100.00	99.87	752	WP_001281881.1	DNA topoisomerase IV subunit A ParC	NA	NA
562.45637	NA	accn|SHJL01000023	47	1243	-	tet(A)	tetracycline efflux MFS transporter Tet(A)	core	AMR	AMR	TETRACYCLINE	TETRACYCLINE	BLASTX	399	399	100.00	99.75	399	WP_000804063.1	tetracycline efflux MFS transporter Tet(A)	NA	NA
562.45637	NA	accn|SHJL01000023	2582	3415	-	aph(6)-Id	aminoglycoside O-phosphotransferase APH(6)-Id	core	AMR	AMR	AMINOGLYCOSIDE	STREPTOMYCIN	EXACTX	278	278	100.00	100.00	278	WP_000480968.1	aminoglycoside O-phosphotransferase APH(6)-Id	NA	NA
562.45637	NA	accn|SHJL01000023	3418	4218	-	aph(3'')-Ib	aminoglycoside O-phosphotransferase APH(3'')-Ib	core	AMR	AMR	AMINOGLYCOSIDE	STREPTOMYCIN	EXACTX	267	267	100.00	100.00	267	WP_001082319.1	aminoglycoside O-phosphotransferase APH(3'')-Ib	NA	NA
562.45637	NA	accn|SHJL01000023	4282	5094	-	sul2	sulfonamide-resistant dihydropteroate synthase Sul2	core	AMR	AMR	SULFONAMIDE	SULFONAMIDE	EXACTX	271	271	100.00	100.00	271	WP_001043260.1	sulfonamide-resistant dihydropteroate synthase Sul2	NA	NA
562.45637	NA	accn|SHJL01000076	1518	2828	+	floR	chloramphenicol/florfenicol efflux MFS transporter FloR	core	AMR	AMR	PHENICOL	CHLORAMPHENICOL/FLORFENICOL	BLASTX	437	404	100.00	92.22	437	WP_000214121.1	chloramphenicol/florfenicol efflux MFS transporter FloR	NA	NA
