feature_name,coefficient,odds_ratio,direction
blaTEM-1,2.8064505538091495,16.551066714745158,resistant
blaCTX-M-15,1.2990812175371644,3.6659269304548503,resistant
estX-3,-0.8351855666430053,0.43379397627175303,susceptible
sul2,0.8329428246412611,2.3000775152303516,resistant
sul1,0.7851376616512705,2.1927087718677436,resistant
aadA1,0.7604015842872578,2.1391350910717084,resistant
lnu(F),-0.7039523910943747,0.49462647803181614,susceptible
ampC_C-42T,0.6820703654261786,1.9779686137913672,resistant
blaTEMp_C32T,0.6803218508221416,1.9745131286473177,resistant
dfrA1,0.6572973190969038,1.9295702680765605,resistant
aac(6')-Ib-cr5,0.6159045572312464,1.8513304767555079,resistant
erm(B),0.546271512675877,1.7268026385121669,resistant
aph(3')-Ia,0.5429000280872639,1.720990553212307,resistant
blaCTX-M-14,0.5172265149793909,1.6773690344941967,resistant
marR_S3N,-0.49458390149808834,0.6098246016148968,susceptible
blaSHV-1,0.4945613157234612,1.6397787361027352,resistant
sat2,0.43336439113775704,1.5424381691092661,resistant
blaTEM-40,0.43249921513914685,1.5411042657398077,resistant
nfsA_Q67Ter,0.43249921513914685,1.5411042657398077,resistant
blaOXA-1,0.40867923400779427,1.5048289451110597,resistant
catB3,0.40867923400779427,1.5048289451110597,resistant
sul3,-0.40017556776791896,0.6702023697717473,susceptible
qnrS1,0.39468808550458767,1.483921262175851,resistant
parC_E84V,-0.38415631611778783,0.6810249636803444,susceptible
tet(B),0.3808560971531692,1.4635369831172056,resistant
parC_A56T,0.36849787468739664,1.4455615683552405,resistant
parE_L416F,0.3487399248298656,1.4172805429277144,resistant
aac(6')-Ib3,0.348095877614024,1.41636804121861,resistant
blaVEB-5,0.348095877614024,1.41636804121861,resistant
dfrA4,0.348095877614024,1.41636804121861,resistant
parE_I529L,-0.3382770376876889,0.7129977332911516,susceptible
blaCTX-M-55,-0.33382776074135206,0.7161771254217766,susceptible
cyaA_S352T,-0.327873874898864,0.7204538812938593,susceptible
floR,-0.3141399757588404,0.7304167803603845,susceptible
parC_S80I,-0.29119406253256863,0.7473706273073895,susceptible
cmlA1,-0.27835000874772126,0.7570318073835215,susceptible
estX,0.26999789891591114,1.3099616983906743,resistant
nfsA_R15C,0.26999789891591114,1.3099616983906743,resistant
nfsA_Q195Ter,-0.26998918066862215,0.7633877536372494,susceptible
catA2,0.2557098198767193,1.291377941354301,resistant
mef(B),0.2557098198767193,1.291377941354301,resistant
aadA2,-0.2553483776237784,0.7746465814120674,susceptible
tet(M),0.2547542662453764,1.2901445498527169,resistant
aph(6)-Id,0.2506529125935521,1.2848640467990264,resistant
parE_L445H,0.2472286160634797,1.2804718157446073,resistant
blaCTX-M-1,0.22313835156572429,1.2499935003312914,resistant
aac(3)-IId,0.20643539317005108,1.2292883112305744,resistant
aac(3)-VIa,-0.19780478627944453,0.8205300162216007,susceptible
blaTEM-30,0.17935586130099931,1.1964464374053077,resistant
ompF_N274TfsTer7,0.17935586130099931,1.1964464374053077,resistant
ble,0.170648831007419,1.1860741634109269,resistant
mph(B),0.16688756452566883,1.1816214016764315,resistant
ompC_D33AfsTer3,-0.16635151645084267,0.8467485358294586,susceptible
parC_S57T,-0.16635151645084267,0.8467485358294586,susceptible
tet(A),-0.16000966721871349,0.8521355511456465,susceptible
gyrA_D87G,-0.1595290170806809,0.8525452286638179,susceptible
blaNDM-5,0.15852120293167435,1.1717767690645795,resistant
cirA_W455Ter,-0.1570548164119089,0.8546572082920373,susceptible
ftsI_I336IKYRI,0.15524246683873816,1.1679411137658597,resistant
blaOXA,0.15008503712417234,1.161933045971962,resistant
cirA_T190PfsTer4,0.13968395187361038,1.1499103144205765,resistant
tet(D),0.13892868264866431,1.1490421504386845,resistant
gyrA_D87N,-0.1316650454518866,0.8766345786472042,susceptible
nfsA_W159Ter,-0.12826266221681198,0.8796223052541269,susceptible
parE_I355T,-0.12570109592164352,0.8818784044439267,susceptible
cirA_E450AfsTer30,-0.12568845609085957,0.881889551308178,susceptible
parE_S458A,0.12037549676171537,1.127920302493236,resistant
gyrA_S83L,0.11920549139576221,1.1266014013980856,resistant
parC_E84G,-0.11726493011414152,0.8893495464729786,susceptible
ompC_Q82Ter,-0.11370597318831255,0.8925203422167975,susceptible
aadA5,0.10472330462970134,1.1104033243863412,resistant
blaTEM,0.10307521855410245,1.10857479133294,resistant
mph(A),0.10069044926038519,1.105934246007911,resistant
mrx(A),0.10069044926038519,1.105934246007911,resistant
nfsB_Q26Ter,-0.10063706889539095,0.9042611578397562,susceptible
dfrA12,-0.09829356121186916,0.9063827858658511,susceptible
cirA_I229RfsTer65,0.09138466684513484,1.095690399974384,resistant
ptsI_V25I,-0.09104842162420923,0.9129735021691102,susceptible
aph(3'')-Ib,0.08895702809555264,1.0930336855780318,resistant
dfrA7,0.08671230120543234,1.09058287520128,resistant
dfrA14,0.0804831520744557,1.0838105865283627,resistant
ftsI_N337NYRIN,0.07844064035152513,1.0815991499113655,resistant
uhpT_E350Q,0.07284222200387964,1.0755608236950815,resistant
acrR_V29YfsTer60,-0.07165918486587194,0.9308480888722994,susceptible
dfrA5,0.06898167873487782,1.0714165792613197,resistant
blaCMY-42,0.06631301227578047,1.0685611375778996,resistant
mcr-1.1,0.06360933448504338,1.065675994568227,resistant
nfsA_G126R,0.05787684646827848,1.0595844961018563,resistant
aadA16,0.05714028609927972,1.058804335507381,resistant
arr-3,0.05714028609927972,1.058804335507381,resistant
blaCMY-2,0.05714028609927972,1.058804335507381,resistant
blaTEM-33,0.05714028609927972,1.058804335507381,resistant
dfrA27,0.05714028609927972,1.058804335507381,resistant
parC_G78C,0.05714028609927972,1.058804335507381,resistant
qnrB6,0.05714028609927972,1.058804335507381,resistant
bleO,0.045982931394956295,1.0470565390098903,resistant
oqxA,0.045982931394956295,1.0470565390098903,resistant
oqxB,0.045982931394956295,1.0470565390098903,resistant
catA1,0.04350881131715199,1.0444691974208342,resistant
ompF_Y253EfsTer3,0.02835893625924909,1.0287648791761475,resistant
blaSFO-1,0.020563793883246646,1.020776685474825,resistant
rmtB1,0.020563793883246646,1.020776685474825,resistant
aac(3)-IIe,0.01896074879265099,1.0191416452922863,resistant
acrR_V29YfsTer44,0.012127628075744657,1.0122014659479561,resistant
blaCMY-145,0.012127628075744657,1.0122014659479561,resistant
blaNDM-4,0.012127628075744657,1.0122014659479561,resistant
blaOXA-181,0.012127628075744657,1.0122014659479561,resistant
cirA_S90YfsTer15,0.012127628075744657,1.0122014659479561,resistant
aac(6')-Ib,0.00843616580750199,1.0084718505310977,resistant
acrR_R192HfsTer53,0.00843616580750199,1.0084718505310977,resistant
arr-2,0.00843616580750199,1.0084718505310977,resistant
catB,0.00843616580750199,1.0084718505310977,resistant
nfsA_C90Ter,0.00843616580750199,1.0084718505310977,resistant
rmtF1,0.00843616580750199,1.0084718505310977,resistant
dfrA17,-0.006348580387251292,0.993671529270784,susceptible
